,Label,Description,VolumeInMillimeters,SurfaceAreaInMillimetersSquared,Eccentricity,Elongation,Orientation,Centroid_x,Centroid_y,Centroid_z,AxesLength_x,AxesLength_y,AxesLength_z,BoundingBoxLower_x,BoundingBoxUpper_x,BoundingBoxLower_y,BoundingBoxUpper_y,BoundingBoxLower_z,BoundingBoxUpper_z,IntegratedIntensity,WeightedCentroid_x,WeightedCentroid_y,WeightedCentroid_z
0,1,Hemisphere_Left,799550.0,58430.4489503739,0.913515454732314,2.45818591117859,1.64022184756206,60.8194784566319,102.798491651554,145.959215808893,66.349250793457,113.562980651855,163.09880065918,19,100,21,201,73,215,799550,60.8194784566319,102.798491651554,145.959215808893
1,2,Hemisphere_Right,795744.0,57660.110761331,0.904418182302397,2.34385752677917,1.65226448343157,114.394973760405,108.485085655688,147.993956599107,67.7569274902344,113.124732971191,158.812591552734,81,157,26,202,76,214,1591488,114.394973760405,108.485085655688,147.993956599107
