,Value,Description
0,17199.014351963997,Volume_of_WMH
1,4301.72064114362,Integral_WMH_probability
2,-0.49816974997520447,Log_Evidence
