,Value,Description
0,26771.089357852936,Volume_of_WMH
1,7060.09385272861,Integral_WMH_probability
2,-0.4990917146205902,Log_Evidence
