,Label,Description,VolumeInMillimeters,SurfaceAreaInMillimetersSquared,Eccentricity,Elongation,Orientation,Centroid_x,Centroid_y,Centroid_z,AxesLength_x,AxesLength_y,AxesLength_z,BoundingBoxLower_x,BoundingBoxUpper_x,BoundingBoxLower_y,BoundingBoxUpper_y,BoundingBoxLower_z,BoundingBoxUpper_z,IntegratedIntensity,WeightedCentroid_x,WeightedCentroid_y,WeightedCentroid_z
0,1,Hemisphere_Left,734510.0,54511.3756663751,0.867862721406373,2.01286602020264,1.55751004821461,88.7091571251583,111.894147118487,137.879585029475,71.3389358520508,111.242698669434,143.595718383789,43,121,40,199,64,202,734510,88.7091571251583,111.894147118487,137.879585029475
1,2,Hemisphere_Right,730503.0,53857.4379537794,0.870999948221848,2.03548622131348,1.63857450881186,146.211352999235,108.399012735061,137.834025322278,70.3456420898438,111.032646179199,143.187591552734,115,192,38,195,66,199,1461006,146.211352999235,108.399012735061,137.834025322278
