,Value,Description
0,17199.014351963997,Volume_of_WMH
1,4326.66275126487,Integral_WMH_probability
2,-0.4981136918067932,Log_Evidence
