,Label,Description,VolumeInMillimeters,SurfaceAreaInMillimetersSquared,Eccentricity,Elongation,Orientation,Centroid_x,Centroid_y,Centroid_z,AxesLength_x,AxesLength_y,AxesLength_z,BoundingBoxLower_x,BoundingBoxUpper_x,BoundingBoxLower_y,BoundingBoxUpper_y,BoundingBoxLower_z,BoundingBoxUpper_z,IntegratedIntensity,WeightedCentroid_x,WeightedCentroid_y,WeightedCentroid_z
0,1,Hemisphere_Left,743797.0,56249.6407048383,0.907008511791719,2.37466359138489,1.57470482062641,93.4909565378726,113.71520455178,130.563593292256,66.4362564086914,108.36580657959,157.763763427734,52,124,37,202,54,197,743797,93.4909565378726,113.71520455178,130.563593292256
1,2,Hemisphere_Right,749243.0,57193.719954102,0.909465796801663,2.40512537956238,1.60722016841373,147.227153273371,109.465400410815,130.580941029813,66.1081619262695,110.071151733398,158.998413085938,103,189,35,202,55,196,1498486,147.227153273371,109.465400410815,130.580941029813
