,Value,Description
0,15155.997289896119,Volume_of_WMH
1,3616.08998593688,Integral_WMH_probability
2,-0.49220821261405945,Log_Evidence
