,Label,Description,VolumeInMillimeters,SurfaceAreaInMillimetersSquared,Eccentricity,Elongation,Orientation,Centroid_x,Centroid_y,Centroid_z,AxesLength_x,AxesLength_y,AxesLength_z,BoundingBoxLower_x,BoundingBoxUpper_x,BoundingBoxLower_y,BoundingBoxUpper_y,BoundingBoxLower_z,BoundingBoxUpper_z,IntegratedIntensity,WeightedCentroid_x,WeightedCentroid_y,WeightedCentroid_z
0,1,Hemisphere_Left,751507.8656199032,52636.759375908,0.892106784823938,2.21324825286865,1.54733831663273,112.068158955061,118.859561042597,149.45365318799,67.2365951538086,114.473426818848,148.811279296875,81,153,42,207,76,212,751508,112.068158955061,118.859561042597,149.45365318799
1,2,Hemisphere_Right,757679.8645162636,52807.8459540868,0.899164808817844,2.2851390838623,1.55132455631884,57.4277755780805,115.795012406293,147.312807517686,67.0334091186523,112.51293182373,153.1806640625,16,89,39,207,75,211,1515360,57.4277755780805,115.795012406293,147.312807517686
