,Value,Description
0,48799.530406832695,Volume_of_WMH
1,14976.3290377706,Integral_WMH_probability
2,-0.5014289021492004,Log_Evidence
