,Value,Description
0,27485.900819610593,Volume_of_WMH
1,7259.89093099535,Integral_WMH_probability
2,-0.3405972421169281,Log_Evidence
