,Value,Description
0,32553.050448060036,Volume_of_WMH
1,9217.56523352861,Integral_WMH_probability
2,-0.5005038380622864,Log_Evidence
