,Label,Description,VolumeInMillimeters,SurfaceAreaInMillimetersSquared,Eccentricity,Elongation,Orientation,Centroid_x,Centroid_y,Centroid_z,AxesLength_x,AxesLength_y,AxesLength_z,BoundingBoxLower_x,BoundingBoxUpper_x,BoundingBoxLower_y,BoundingBoxUpper_y,BoundingBoxLower_z,BoundingBoxUpper_z,IntegratedIntensity,WeightedCentroid_x,WeightedCentroid_y,WeightedCentroid_z
0,1,Hemisphere_Left,812785.0,58368.0592889067,0.897451662372878,2.2669939994812,1.52852143308674,82.1620391616479,99.0168014911692,148.733129917506,69.1997146606445,112.60710144043,156.875335693359,39,115,16,190,78,213,812785,82.1620391616479,99.0168014911692,148.733129917506
1,2,Hemisphere_Right,814008.0,58796.2365898305,0.889541033097611,2.18887686729431,1.54777673632282,139.241055370463,97.206022545233,148.639784866979,71.7654266357422,111.524787902832,157.085678100586,97,187,16,191,77,213,1628016,139.241055370463,97.206022545233,148.639784866979
