,Value,Description
0,7972.564296168275,Volume_of_WMH
1,2090.04714085907,Integral_WMH_probability
2,-0.49134430289268494,Log_Evidence
