,Label,Description,VolumeInMillimeters,SurfaceAreaInMillimetersSquared,Eccentricity,Elongation,Orientation,Centroid_x,Centroid_y,Centroid_z,AxesLength_x,AxesLength_y,AxesLength_z,BoundingBoxLower_x,BoundingBoxUpper_x,BoundingBoxLower_y,BoundingBoxUpper_y,BoundingBoxLower_z,BoundingBoxUpper_z,IntegratedIntensity,WeightedCentroid_x,WeightedCentroid_y,WeightedCentroid_z
0,1,Hemisphere_Left,760175.3484068904,52323.8932030515,0.857963275094059,1.94661962985992,1.59500997008727,86.6071591263831,114.099648518343,109.411293660612,79.1270980834961,107.780075073242,154.030364990234,36,123,37,206,41,170,864910,86.6071591263831,114.099648518343,109.411293660612
1,2,Hemisphere_Right,770312.6603451557,52414.2576473432,0.863172735065863,1.98055601119995,1.62354649473906,151.336153821579,114.470401988033,111.480214366234,78.9935836791992,108.641822814941,156.451217651367,85,201,37,204,42,172,1752888,151.336153821579,114.470401988033,111.480214366234
