,Value,Description
0,33351.051684737206,Volume_of_WMH
1,9560.19152827561,Integral_WMH_probability
2,-0.5013245344161987,Log_Evidence
