,Value,Description
0,26703.08913087845,Volume_of_WMH
1,7027.43011728674,Integral_WMH_probability
2,-0.49862414598464966,Log_Evidence
