,Label,Description,VolumeInMillimeters,SurfaceAreaInMillimetersSquared,Eccentricity,Elongation,Orientation,Centroid_x,Centroid_y,Centroid_z,AxesLength_x,AxesLength_y,AxesLength_z,BoundingBoxLower_x,BoundingBoxUpper_x,BoundingBoxLower_y,BoundingBoxUpper_y,BoundingBoxLower_z,BoundingBoxUpper_z,IntegratedIntensity,WeightedCentroid_x,WeightedCentroid_y,WeightedCentroid_z
0,1,Hemisphere_Left,765234.5542373657,52918.5504033767,0.889768912149481,2.19100618362427,1.60537622632755,90.3929618730006,116.735825213791,128.628006931231,67.9934310913086,114.796897888184,148.974029541016,49,121,46,204,52,194,765232,90.3929618730006,116.735825213791,128.628006931231
1,2,Hemisphere_Right,766163.5573382378,52869.6304504593,0.897624788839442,2.26880621910095,1.60727219405467,145.487330991789,114.45561181005,126.73618599746,67.36083984375,113.342514038086,152.828689575195,115,187,43,203,49,193,1532322,145.487330991789,114.45561181005,126.73618599746
