,Value,Description
0,26773.089364528656,Volume_of_WMH
1,7059.79556308687,Integral_WMH_probability
2,-0.49905550479888916,Log_Evidence
