,Value,Description
0,30824.825455248356,Volume_of_WMH
1,9236.91193427891,Integral_WMH_probability
2,-0.49581602215766907,Log_Evidence
