,Label,Description,VolumeInMillimeters,SurfaceAreaInMillimetersSquared,Eccentricity,Elongation,Orientation,Centroid_x,Centroid_y,Centroid_z,AxesLength_x,AxesLength_y,AxesLength_z,BoundingBoxLower_x,BoundingBoxUpper_x,BoundingBoxLower_y,BoundingBoxUpper_y,BoundingBoxLower_z,BoundingBoxUpper_z,IntegratedIntensity,WeightedCentroid_x,WeightedCentroid_y,WeightedCentroid_z
0,1,Hemisphere_Left,781935.5723106861,54283.6493905504,0.895318037209452,2.24503445625305,1.62233980769463,72.0274496764458,120.020640969895,161.576612016267,69.7267761230469,110.323226928711,156.539016723633,27,111,42,212,90,226,781940,72.0274496764458,120.020640969895,161.576612016267
1,2,Hemisphere_Right,799353.4736822844,55401.9086280668,0.891829779699034,2.21057438850403,1.64947175304677,128.485954978871,119.326643381314,160.799305192417,70.3650894165039,111.926170349121,155.547256469727,96,174,40,211,89,227,1598716,128.485954978871,119.326643381314,160.799305192417
