,Value,Description
0,17048.014225959778,Volume_of_WMH
1,4262.29367804527,Integral_WMH_probability
2,-0.4980846643447876,Log_Evidence
