,Label,Description,VolumeInMillimeters,SurfaceAreaInMillimetersSquared,Eccentricity,Elongation,Orientation,Centroid_x,Centroid_y,Centroid_z,AxesLength_x,AxesLength_y,AxesLength_z,BoundingBoxLower_x,BoundingBoxUpper_x,BoundingBoxLower_y,BoundingBoxUpper_y,BoundingBoxLower_z,BoundingBoxUpper_z,IntegratedIntensity,WeightedCentroid_x,WeightedCentroid_y,WeightedCentroid_z
0,1,Hemisphere_Left,762733.6364740133,52287.5385477153,0.859887780484718,1.95892870426178,1.57109489052754,89.6096065071263,117.232199209946,134.196165630699,74.3239288330078,106.913909912109,145.595275878906,42,124,46,201,62,195,762733,89.6096065071263,117.232199209946,134.196165630699
1,2,Hemisphere_Right,772512.6446342468,52934.2713324359,0.86566994069459,1.99754250049591,1.60625410313386,150.230331697113,117.497879644588,134.059634025103,73.9739151000977,108.43212890625,147.766036987305,89,196,47,203,60,196,1545024,150.230331697113,117.497879644588,134.059634025103
