,Value,Description
0,27311.58690342498,Volume_of_WMH
1,7228.95887910575,Integral_WMH_probability
2,-0.36092454195022583,Log_Evidence
