,Label,Description,VolumeInMillimeters,SurfaceAreaInMillimetersSquared,Eccentricity,Elongation,Orientation,Centroid_x,Centroid_y,Centroid_z,AxesLength_x,AxesLength_y,AxesLength_z,BoundingBoxLower_x,BoundingBoxUpper_x,BoundingBoxLower_y,BoundingBoxUpper_y,BoundingBoxLower_z,BoundingBoxUpper_z,IntegratedIntensity,WeightedCentroid_x,WeightedCentroid_y,WeightedCentroid_z
0,1,Hemisphere_Left,786351.0,58345.6638924029,0.894363106176411,2.23542737960815,1.62274171431489,84.7396607876126,102.570886283606,143.619559204477,70.2545776367188,110.504806518555,157.049011230469,39,123,24,195,71,210,786351,84.7396607876126,102.570886283606,143.619559204477
1,2,Hemisphere_Right,801249.0,58225.4652645965,0.892789796826824,2.219886302948,1.65088746769428,141.483721040525,100.362193275748,145.795607857233,70.5998687744141,111.524711608887,156.723678588867,108,189,22,194,71,211,1602498,141.483721040525,100.362193275748,145.795607857233
