,Value,Description
0,21515.579752210262,Volume_of_WMH
1,12908.1823185757,Integral_WMH_probability
2,-0.4945283532142639,Log_Evidence
