,Value,Description
0,16974.821839772165,Volume_of_WMH
1,9979.61738003045,Integral_WMH_probability
2,-0.48450812697410583,Log_Evidence
