,Value,Description
0,17101.014270186424,Volume_of_WMH
1,4292.12516444921,Integral_WMH_probability
2,-0.49811193346977234,Log_Evidence
