,Value,Description
0,102441.13032627106,Volume_of_WMH
1,42738.6013577357,Integral_WMH_probability
2,0.019382715225219727,Log_Evidence
