,Label,Description,VolumeInMillimeters,SurfaceAreaInMillimetersSquared,Eccentricity,Elongation,Orientation,Centroid_x,Centroid_y,Centroid_z,AxesLength_x,AxesLength_y,AxesLength_z,BoundingBoxLower_x,BoundingBoxUpper_x,BoundingBoxLower_y,BoundingBoxUpper_y,BoundingBoxLower_z,BoundingBoxUpper_z,IntegratedIntensity,WeightedCentroid_x,WeightedCentroid_y,WeightedCentroid_z
0,1,Hemisphere_Left,766139.0,56686.1377256283,0.895374955635953,2.24561142921448,1.65382217407307,71.5995778833867,116.75052829839,133.771455310329,69.2716293334961,110.068481445312,155.557159423828,28,112,39,209,63,199,766139,71.5995778833867,116.75052829839,133.771455310329
1,2,Hemisphere_Right,776776.0,56693.0582848496,0.89255520426252,2.2175989151001,1.68090063326198,127.671650514434,117.42347214641,135.007258205712,69.7038192749023,110.932060241699,154.575119018555,94,174,38,209,63,201,1553552,127.671650514434,117.42347214641,135.007258205712
