,Label,Description,VolumeInMillimeters,SurfaceAreaInMillimetersSquared,Eccentricity,Elongation,Orientation,Centroid_x,Centroid_y,Centroid_z,AxesLength_x,AxesLength_y,AxesLength_z,BoundingBoxLower_x,BoundingBoxUpper_x,BoundingBoxLower_y,BoundingBoxUpper_y,BoundingBoxLower_z,BoundingBoxUpper_z,IntegratedIntensity,WeightedCentroid_x,WeightedCentroid_y,WeightedCentroid_z
0,1,Hemisphere_Left,765358.5546512604,52957.6521062397,0.889762924488971,2.19095015525818,1.60530567318413,90.3894057144649,116.740550802502,128.628964821599,67.9987487792969,114.793876647949,148.981872558594,49,122,46,204,52,194,765356,90.3894057144649,116.740550802502,128.628964821599
1,2,Hemisphere_Right,766441.5582661629,52915.8476419978,0.897584210053139,2.26838088035583,1.60723314765359,145.490045522214,114.457937291813,126.733797471162,67.3738784790039,113.365852355957,152.829620361328,115,187,43,203,49,193,1532878,145.490045522214,114.457937291813,126.733797471162
