,Value,Description
0,26829.089551448822,Volume_of_WMH
1,7064.40820551664,Integral_WMH_probability
2,-0.4990314245223999,Log_Evidence
