,Label,Description,VolumeInMillimeters,SurfaceAreaInMillimetersSquared,Eccentricity,Elongation,Orientation,Centroid_x,Centroid_y,Centroid_z,AxesLength_x,AxesLength_y,AxesLength_z,BoundingBoxLower_x,BoundingBoxUpper_x,BoundingBoxLower_y,BoundingBoxUpper_y,BoundingBoxLower_z,BoundingBoxUpper_z,IntegratedIntensity,WeightedCentroid_x,WeightedCentroid_y,WeightedCentroid_z
0,1,Hemisphere_Left,756112.0,55993.2073925873,0.862542677789694,1.97634589672089,1.49558606627802,54.2354532132806,104.958736271875,130.676647110481,74.2021331787109,106.484062194824,146.649078369141,7,89,31,189,57,191,756112,54.2354532132806,104.958736271875,130.676647110481
1,2,Hemisphere_Right,769969.0,57126.9631128099,0.867136164947297,2.00774526596069,1.52891505317882,114.743781892518,101.353247987906,129.749919801966,74.1593627929688,107.868278503418,148.893112182617,51,161,30,189,54,192,1539938,114.743781892518,101.353247987906,129.749919801966
