,Value,Description
0,10247.833355169743,Volume_of_WMH
1,5765.72656078637,Integral_WMH_probability
2,-0.48771026730537415,Log_Evidence
