,Value,Description
0,28296.761274956167,Volume_of_WMH
1,16653.8146625385,Integral_WMH_probability
2,-0.49964436888694763,Log_Evidence
