,Value,Description
0,28335.325453468136,Volume_of_WMH
1,6282.06865730137,Integral_WMH_probability
2,-0.5067213773727417,Log_Evidence
