,Label,Description,VolumeInMillimeters,SurfaceAreaInMillimetersSquared,Eccentricity,Elongation,Orientation,Centroid_x,Centroid_y,Centroid_z,AxesLength_x,AxesLength_y,AxesLength_z,BoundingBoxLower_x,BoundingBoxUpper_x,BoundingBoxLower_y,BoundingBoxUpper_y,BoundingBoxLower_z,BoundingBoxUpper_z,IntegratedIntensity,WeightedCentroid_x,WeightedCentroid_y,WeightedCentroid_z
0,1,Hemisphere_Left,795708.0,56786.0423743266,0.89767197700704,2.26930117607117,1.56872271584519,91.3513776410442,109.996604281973,131.36709571853,68.658576965332,111.969017028809,155.806991577148,48,122,27,201,62,195,795708,91.3513776410442,109.996604281973,131.36709571853
1,2,Hemisphere_Right,799275.0,57396.449442587,0.888580887365607,2.17997908592224,1.58908941973013,148.249522379657,111.39757905602,130.895954458728,71.5351486206055,110.758613586426,155.945129394531,106,195,29,204,62,196,1598550,148.249522379657,111.39757905602,130.895954458728
