,Value,Description
0,18075.064080309123,Volume_of_WMH
1,10739.6218928322,Integral_WMH_probability
2,-0.4822271168231964,Log_Evidence
