,Value,Description
0,26676.089040756226,Volume_of_WMH
1,7041.97301227599,Integral_WMH_probability
2,-0.49911290407180786,Log_Evidence
