,Value,Description
0,31113.392519764602,Volume_of_WMH
1,9741.58265189826,Integral_WMH_probability
2,-0.5011999607086182,Log_Evidence
