,Value,Description
0,19963.99881005287,Volume_of_WMH
1,5128.57978162169,Integral_WMH_probability
2,-0.49916014075279236,Log_Evidence
