,Value,Description
0,32554.050449609756,Volume_of_WMH
1,9218.54087143391,Integral_WMH_probability
2,-0.5005002021789551,Log_Evidence
