,Label,Description,VolumeInMillimeters,SurfaceAreaInMillimetersSquared,Eccentricity,Elongation,Orientation,Centroid_x,Centroid_y,Centroid_z,AxesLength_x,AxesLength_y,AxesLength_z,BoundingBoxLower_x,BoundingBoxUpper_x,BoundingBoxLower_y,BoundingBoxUpper_y,BoundingBoxLower_z,BoundingBoxUpper_z,IntegratedIntensity,WeightedCentroid_x,WeightedCentroid_y,WeightedCentroid_z
0,1,Hemisphere_Left,793658.2299467325,54863.8807305942,0.893582318805244,2.22767090797424,1.59114066310225,89.2095955809626,118.35600517604,137.123095997389,70.2923202514648,111.012184143066,156.588150024414,44,125,40,209,63,203,793657,89.2095955809626,118.35600517604,137.123095997389
1,2,Hemisphere_Right,803536.2452548742,54761.4197393043,0.891226024106102,2.20478272438049,1.62275857035369,145.842141288183,115.20531401868,137.741778516182,70.5402145385742,112.157493591309,155.525848388672,114,192,38,208,63,203,1607070,145.842141288183,115.20531401868,137.741778516182
