,Value,Description
0,17200.014352798462,Volume_of_WMH
1,4310.16696597636,Integral_WMH_probability
2,-0.4982282817363739,Log_Evidence
