,Value,Description
0,17376.014499664307,Volume_of_WMH
1,4371.62844479084,Integral_WMH_probability
2,-0.4981590509414673,Log_Evidence
