,Label,Description,VolumeInMillimeters,SurfaceAreaInMillimetersSquared,Eccentricity,Elongation,Orientation,Centroid_x,Centroid_y,Centroid_z,AxesLength_x,AxesLength_y,AxesLength_z,BoundingBoxLower_x,BoundingBoxUpper_x,BoundingBoxLower_y,BoundingBoxUpper_y,BoundingBoxLower_z,BoundingBoxUpper_z,IntegratedIntensity,WeightedCentroid_x,WeightedCentroid_y,WeightedCentroid_z
0,1,Hemisphere_Left,758731.0,55390.5304101262,0.864392946183138,1.98879539966583,1.54819711619282,79.4168961067888,102.135374724375,156.309149092366,74.2677612304688,105.977989196777,147.703384399414,33,113,28,188,85,217,758731,79.4168961067888,102.135374724375,156.309149092366
1,2,Hemisphere_Right,773573.0,56209.6830031672,0.870055357715579,2.02858686447144,1.57869708242153,140.184566938091,99.8291680293909,157.590166668175,74.1342086791992,107.00611114502,150.387680053711,106,187,28,188,86,218,1547146,140.184566938091,99.8291680293909,157.590166668175
