,Label,Description,VolumeInMillimeters,SurfaceAreaInMillimetersSquared,Eccentricity,Elongation,Orientation,Centroid_x,Centroid_y,Centroid_z,AxesLength_x,AxesLength_y,AxesLength_z,BoundingBoxLower_x,BoundingBoxUpper_x,BoundingBoxLower_y,BoundingBoxUpper_y,BoundingBoxLower_z,BoundingBoxUpper_z,IntegratedIntensity,WeightedCentroid_x,WeightedCentroid_y,WeightedCentroid_z
0,1,Hemisphere_Left,778799.0721042976,55063.2357899096,0.904973738104272,2.35035610198975,1.55206655600807,76.1164334803676,168.14967740668,188.560822390507,85.1935195922852,154.053833007812,200.235107421875,24,116,71,285,86,276,1730662,76.1164334803676,168.14967740668,188.560822390507
1,2,Hemisphere_Right,776513.5186645053,54797.4702901971,0.912931402755487,2.4503014087677,1.55793108068721,144.640817625116,162.477245661321,185.273100743343,84.0436935424805,151.749801635742,205.932388305664,102,198,66,283,83,275,3451166,144.640817625116,162.477245661321,185.273100743343
