,Label,Description,VolumeInMillimeters,SurfaceAreaInMillimetersSquared,Eccentricity,Elongation,Orientation,Centroid_x,Centroid_y,Centroid_z,AxesLength_x,AxesLength_y,AxesLength_z,BoundingBoxLower_x,BoundingBoxUpper_x,BoundingBoxLower_y,BoundingBoxUpper_y,BoundingBoxLower_z,BoundingBoxUpper_z,IntegratedIntensity,WeightedCentroid_x,WeightedCentroid_y,WeightedCentroid_z
0,1,Hemisphere_Left,751231.469191052,51796.5770237578,0.860228642266191,1.96113622188568,1.53581347982504,88.2893992999008,117.687401724041,108.540492034968,77.5043411254883,111.791038513184,151.996566772461,39,126,40,208,35,172,854736,88.2893992999008,117.687401724041,108.540492034968
1,2,Hemisphere_Right,749667.8977681906,51264.6589883666,0.864501889292875,1.98953676223755,1.61857699146708,150.166782147283,110.549600976368,111.926292884635,76.4059219360352,111.750267028809,152.012390136719,113,201,35,204,40,171,1705914,150.166782147283,110.549600976368,111.926292884635
