,Value,Description
0,16650.849132158328,Volume_of_WMH
1,4840.88326784223,Integral_WMH_probability
2,-0.4927646219730377,Log_Evidence
