,Value,Description
0,12315.032297372818,Volume_of_WMH
1,3060.41812548041,Integral_WMH_probability
2,-0.4893518388271332,Log_Evidence
