,Label,Description,VolumeInMillimeters,SurfaceAreaInMillimetersSquared,Eccentricity,Elongation,Orientation,Centroid_x,Centroid_y,Centroid_z,AxesLength_x,AxesLength_y,AxesLength_z,BoundingBoxLower_x,BoundingBoxUpper_x,BoundingBoxLower_y,BoundingBoxUpper_y,BoundingBoxLower_z,BoundingBoxUpper_z,IntegratedIntensity,WeightedCentroid_x,WeightedCentroid_y,WeightedCentroid_z
0,1,Hemisphere_Left,757127.9856419563,51672.981521918,0.86351580789692,1.98286104202271,1.52280985346336,53.5284985590245,117.766536877614,154.093979073496,73.8101272583008,106.621368408203,146.355224609375,7,88,45,202,84,214,757126,53.5284985590245,117.766536877614,154.093979073496
1,2,Hemisphere_Right,771793.0241024494,52669.7945309282,0.867677565634451,2.01155686378479,1.55598443350274,113.952831789953,115.63737592172,152.021441037794,73.9108047485352,107.685516357422,148.67578125,73,160,44,202,81,214,1543582,113.952831789953,115.63737592172,152.021441037794
