,Label,Description,VolumeInMillimeters,SurfaceAreaInMillimetersSquared,Eccentricity,Elongation,Orientation,Centroid_x,Centroid_y,Centroid_z,AxesLength_x,AxesLength_y,AxesLength_z,BoundingBoxLower_x,BoundingBoxUpper_x,BoundingBoxLower_y,BoundingBoxUpper_y,BoundingBoxLower_z,BoundingBoxUpper_z,IntegratedIntensity,WeightedCentroid_x,WeightedCentroid_y,WeightedCentroid_z
0,1,Hemisphere_Left,734302.0,54401.8157509911,0.86800159252572,2.01384949684143,1.55836111959133,88.6961032381772,111.86280304289,137.883211539666,71.3130645751953,111.230354309082,143.613784790039,44,121,40,199,64,202,734302,88.6961032381772,111.86280304289,137.883211539666
1,2,Hemisphere_Right,730662.0,53917.4046749307,0.8709396916162,2.03504371643066,1.63918338120877,146.187572365882,108.404374389252,137.816080485916,70.3610076904297,111.027732849121,143.187728881836,115,192,38,195,66,199,1461324,146.187572365882,108.404374389252,137.816080485916
