,Value,Description
0,114114.03445589296,Volume_of_WMH
1,53239.4435722455,Integral_WMH_probability
2,0.07038506120443344,Log_Evidence
