,Value,Description
0,21801.162975782063,Volume_of_WMH
1,6296.81976287067,Integral_WMH_probability
2,-0.5044460296630859,Log_Evidence
