,Label,Description,VolumeInMillimeters,SurfaceAreaInMillimetersSquared,Eccentricity,Elongation,Orientation,Centroid_x,Centroid_y,Centroid_z,AxesLength_x,AxesLength_y,AxesLength_z,BoundingBoxLower_x,BoundingBoxUpper_x,BoundingBoxLower_y,BoundingBoxUpper_y,BoundingBoxLower_z,BoundingBoxUpper_z,IntegratedIntensity,WeightedCentroid_x,WeightedCentroid_y,WeightedCentroid_z
0,1,Hemisphere_Left,785450.9461824666,54653.0733581175,0.890756298362351,2.20031070709229,1.70173466564267,86.1936401793497,100.899734019043,112.804736184264,75.1036682128906,110.92919921875,165.251403808594,39,133,19,199,43,179,893673,86.1936401793497,100.899734019043,112.804736184264
1,2,Hemisphere_Right,795657.6345774578,54593.2399765195,0.8895759511965,2.18920278549194,1.72269088798957,146.510900422629,102.585494528801,116.694147484883,75.1447906494141,111.952262878418,164.507186889648,107,197,18,200,44,180,1810572,146.510900422629,102.585494528801,116.694147484883
