,Value,Description
0,13921.006050822325,Volume_of_WMH
1,3820.26100800931,Integral_WMH_probability
2,-0.3657674193382263,Log_Evidence
