,Label,Description,VolumeInMillimeters,SurfaceAreaInMillimetersSquared,Eccentricity,Elongation,Orientation,Centroid_x,Centroid_y,Centroid_z,AxesLength_x,AxesLength_y,AxesLength_z,BoundingBoxLower_x,BoundingBoxUpper_x,BoundingBoxLower_y,BoundingBoxUpper_y,BoundingBoxLower_z,BoundingBoxUpper_z,IntegratedIntensity,WeightedCentroid_x,WeightedCentroid_y,WeightedCentroid_z
0,1,Hemisphere_Left,756579.740366363,52656.849216584,0.887650695622704,2.17147064208984,1.59579940823257,88.9397260051184,128.977107847294,106.441261171048,72.3132781982422,115.239555358887,157.026168823242,45,122,49,222,32,169,860819,88.9397260051184,128.977107847294,106.441261171048
1,2,Hemisphere_Right,762734.7252374981,52812.7516043437,0.895024138788598,2.24206352233887,1.59013754899093,147.708924180304,125.478962275674,104.34830875456,71.7874526977539,113.938468933105,160.952026367188,114,192,46,222,31,168,1735644,147.708924180304,125.478962275674,104.34830875456
